"","study","variable","moment","type","datatype","values","labels","specifiesSubsample","diagnosisMethod","syndromeCategory","maternalDrinkingConfirmed","caseascertainment","dataCollectionMethod","timeframe","period","varType","intensitySpecification","specificationUnits","unitUnits","nrOfUnitsInUnit","specificationTimeframe","aboutBinging","aboutAlcoholism","description","comment","recodeToCategory","calculatedunitUnits","calculatednrOfUnitsInUnit","uniqueVarID","dependent"
"1","Cannon2012.r","FAS diagnosis","1","aggregate","logical","0 | 1","Control | FAS",TRUE,"IOM96","1","if possible","active",NA,NA,NA,NA,NA,NA,NA,NA,NA,NA,NA,NA,NA,NA,NA,NA,"Cannon2012.r_fasdiagnosis",TRUE
"2","Cannon2012.r","Alcoholism","1","question","logical","NA",NA,FALSE,NA,NA,NA,NA,"record","unknown","during","any","NA","NA","NA","NA","NA","FALSE","TRUE","Hymbaugh2002 page S44: To indicate positive maternal alcohol exposure, any
medical record documentation of alcohol use by the mother during the index pregnancy (other than hearsay
reported by a third party) met the criteria. Though substantial alcohol use is necessary to cause full FAS,
information in medical records is usually insufficient to determine the level of use. However, this information is
collected when available.","NA",NA,NA,NA,"Cannon2012.r_alcoholism",FALSE
"3","Cannon2012.r","Drinks during a sitting","1","question","ordinal","1 | 2","<4 drinks | =4 drinks",FALSE,NA,NA,NA,NA,"record","unknown","during","units","any day","units","NA","NA","per sitting","FALSE","FALSE","we do not know how much oz/mg 1 drink is","Table 2, p. 93. Number of drinks in one sitting during pregnancy, % for <4 or >4 drinks","Alcohol consumption during","g","NA","Cannon2012.r_drinksduringasitting",FALSE
"4","Cannon2012.r","Frequency during","1","question","ordinal","3 | 4","<7 days | =7 days",FALSE,NA,NA,NA,NA,"record","unknown","during","frequency","any day","NA","NA","NA","per week","FALSE","FALSE","we do not know how much oz/mg 1 drink is","Table 2, p. 93. Number of days per week drinking during pregnancy, % for <7 or 7","Alcohol consumption during",NA,NA,"Cannon2012.r_frequencyduring",FALSE
"5","Ceccanti2014.r","FASD diagnosis","1","aggregate","logical","0 | 1","Control | FASD",TRUE,"IOM96,IOM05","5","if possible","active",NA,NA,NA,NA,NA,NA,NA,NA,NA,NA,NA,NA,NA,NA,NA,NA,"Ceccanti2014.r_fasddiagnosis",TRUE
"6","Ceccanti2014.r","Drinks before a day","1","question","numeric","NA",NA,FALSE,NA,NA,NA,NA,"interview","retrospective","before","units","any day","units","NA","NA","per day","FALSE","FALSE","NA","Table 2, p. 4. Total no. of standard drinks per day 3 months before pregnancy, Mean (SD). Note,we don't know what is 1 standard drink","Alcohol consumption before","g","NA","Ceccanti2014.r_drinksbeforeaday",FALSE
"7","Ceccanti2014.r","Drinks during a week","1","question","numeric","NA",NA,FALSE,NA,NA,NA,NA,"interview","retrospective","during","units","weekday","units","NA","NA","per week","FALSE","FALSE","NA","Table 2, p. 4. Average no. of standard drinks per week during pregnancy, Mean (SD). Note, we don't know what is 1 standard drink","Alcohol consumption during","g","NA","Ceccanti2014.r_drinksduringaweek",FALSE
"8","Ceccanti2014.r","Drinks during a drinking day","1","question","numeric","NA",NA,FALSE,NA,NA,NA,NA,"interview","retrospective","during","units","any day","units","NA","NA","per day","FALSE","FALSE","NA","Table 2, p. 4. Drinks consumed per drinking day during pregnancy, Mean (SD). Note,we don't know what is 1 standard drink","Alcohol consumption during","g","NA","Ceccanti2014.r_drinksduringadrinkingday",FALSE
"9","Ceccanti2014.r","Binge during","1","question","logical","NA",NA,FALSE,NA,NA,NA,NA,"interview","retrospective","during","units","any day","NA","NA","NA","per occasion","TRUE","FALSE","binge, 3 drinks per occasion","Table 2, p. 4. Binge, 3 drinks per occasion during pregnancy (% Yes)","Binge during","NA","NA","Ceccanti2014.r_bingeduring",FALSE
"10","Ceccanti2014.r","Binge current","1","question","logical","NA",NA,FALSE,NA,NA,NA,NA,"interview","concurrent","current","units","any day","NA","NA","NA","per occasion","TRUE","FALSE","binge, 3 drinks per occasion","Table 2, p. 4. Binge, 3 drinks per occasion, current (% Yes)",NA,"NA","NA","Ceccanti2014.r_bingecurrent",FALSE
"11","Ceccanti2014.r","Drinks during first trimester","1","question","numeric","NA",NA,FALSE,NA,NA,NA,NA,"interview","retrospective","1st","units","any day","units","NA","NA","per day","FALSE","FALSE","NA","Table 2, p. 4. Drinks consumed per drinking day, 1st trimester, Mean (SD)","Alcohol consumption first trimester","g","NA","Ceccanti2014.r_drinksduringfirsttrimester",FALSE
"12","Ceccanti2014.r","Drinks during second trimester","1","question","numeric","NA",NA,FALSE,NA,NA,NA,NA,"interview","retrospective","1st","units","any day","units","NA","NA","per day","FALSE","FALSE","NA","Table 2, p. 4. Drinks consumed per drinking day, 2nd trimester, Mean (SD)","Alcohol consumption second trimester","g","NA","Ceccanti2014.r_drinksduringsecondtrimester",FALSE
"13","Ceccanti2014.r","Drinks during third trimester","1","question","numeric","NA",NA,FALSE,NA,NA,NA,NA,"interview","retrospective","1st","units","any day","units","NA","NA","per 108day","FALSE","FALSE","NA","Table 2, p. 4. Drinks consumed per drinking day, 3rd trimester, Mean (SD)","Alcohol consumption third trimester","g","NA","Ceccanti2014.r_drinksduringthirdtrimester",FALSE
"14","Coyne2008.r","FAS diagnosis","1","aggregate","logical","0 | 1","Control | FAS",TRUE,"NA","1","if possible","passive",NA,NA,NA,NA,NA,NA,NA,NA,NA,NA,NA,NA,NA,NA,NA,NA,"Coyne2008.r_fasdiagnosis",TRUE
"15","Coyne2008.r","Smoking before","1","question","ordinal","1 | 2 | 3 | 4","none | < 10/day | 11-20 /day | >20 /day",FALSE,NA,NA,NA,NA,"self-report","retrospective","before","units","NA","NA",NA,NA,"per week","FALSE","FALSE","NA","Table 3, p.5. Before pregnancy None,= 10/day, 11–20/day. > 20/day (%). The variables are categorized and ranges are shown in table 1 page 242","Smoking before",NA,NA,"Coyne2008.r_smokingbefore",FALSE
"16","Coyne2008.r","Drinking before a week","1","question","ordinal","1 | 2 | 3 | 4","none (0 g/week) | mild (0-20 g/week) | moderate (20-80 g/week) | heavy (>80 g/week)",FALSE,NA,NA,NA,NA,"self-report","retrospective","before","units","NA","NA","NA","NA","a week","FALSE","FALSE","NA","Table 3, p.5. Before pregnancy Alcohol a week. None,= 10/day, 11–20/day. > 20/day (%). The variables are categorized and ranges are shown in table 1 page 242","Alcohol consumption before","g","NA","Coyne2008.r_drinkingbeforeaweek",FALSE
"17","Coyne2008.r","Smoking during","1","question","ordinal","1 | 2 | 3 | 4","none | < 10/day | 11-20 /day | >20 /day",FALSE,NA,NA,NA,NA,"self-report","not specified, probably retrospective","during","units","NA","g",NA,NA,"per week]","FALSE","FALSE","NA","Table 3, p.5. During pregnancy Smoking None,= 10/day, 11–20/day. > 20/day (%). the variables are categorized and ranges are shown in table 1 page 242","Smoking during",NA,NA,"Coyne2008.r_smokingduring",FALSE
"18","Coyne2008.r","Alcohol consumption: during a week","1","question","ordinal","1 | 2 | 3 | 4","none (0 g/week) | mild (0-20 g/week) | moderate (20-80 g/week) | heavy (>80 g/week)",FALSE,NA,NA,NA,NA,"self-report","not specified, probably retrospective","during","units","NA","NA","NA","NA","per week]","FALSE","FALSE","NA","Table 3, p.5. During pregnancy Alcohol (%). The variables are categorized and ranges are shown in table 1 page 242","Alcohol consumption during","g","NA","Coyne2008.r_alcoholconsumptionduringaweek",FALSE
"19","Davies2011.r","FASD diagnosis","1","aggregate","logical","0 | 1","Control | FASD",TRUE,"IOM96","5","if possible","active",NA,NA,NA,NA,NA,NA,NA,NA,NA,NA,NA,NA,NA,NA,NA,NA,"Davies2011.r_fasddiagnosis",TRUE
"20","Davies2011.r","Alcohol consumption: during","1","question","nominal","1 | 2 | 3 | 4","a week | 2-3 weeks | every week | never",FALSE,NA,NA,NA,NA,"interview","retrospective","during","frequency","NA","NA","NA","NA","per year","FALSE","FALSE","NA","Table 1, p.3. Maternal alcohol use during pregnancy n/N (%), average number of weeks mother drank during pregnancy:'a week', '2-3 weeks','every week', 'never'","Alcohol consumption during","NA","NA","Davies2011.r_alcoholconsumptionduring",FALSE
"21","Leary2010b.r","ARBD diagnosis","1","aggregate","logical","0 | 1","Control | ARBD",TRUE,"IOM05","3","if possible","active",NA,NA,NA,NA,NA,NA,NA,NA,NA,NA,NA,NA,NA,NA,NA,NA,"Leary2010b.r_arbddiagnosis",TRUE
"22","Leary2010b.r","Drinking before","1","question","ordinal","1 | 2 | 3 | 4 | 5 | 6 | 7 | 8","abstinent | low <70g and on one day no more than 2 standard drinks | moderate <70g alcohol per week and 21 to 49g per occasion | moderate and binge less than weekly | heavy and binge 1 or 2 times a week | heavy and binge >2 times a week | heavy <50g per occasion so no binge, 70.1-140.0g a week | very heavy <50g per occasion so no binge, > 140.1g a week",FALSE,NA,NA,NA,NA,"self-report","retrospective","before","frequency","NA","NA","g","10","NA","FALSE","FALSE","NA","Table p.3. Before pregnancy Alcohol, N (%). NOTE: about both binge and standard; 1 standard drink is 10g; binge is 5 standard drinks","Alcohol consumption before",NA,NA,"Leary2010b.r_drinkingbefore",FALSE
"23","Leary2010b.r","Alcohol consumption: during first trimester","1","question","ordinal","1 | 2 | 3 | 4 | 5 | 6 | 7 | 8","abstinent | low <70g and on one day no more than 2 standard drinks | moderate <70g alcohol per week and 21 to 49g per occasion | moderate and binge less than weekly | heavy and binge 1 or 2 times a week | heavy and binge >2 times a week | heavy <50g per occasion so no binge, 70.1-140.0g a week | very heavy <50g per occasion so no binge, > 140.1g a week",FALSE,NA,NA,NA,NA,"self-report","retrospective","1st","frequency","NA","NA","g","10","NA","FALSE","FALSE","NA","Table p.3. First trimester Alcohol N(%). NOTE: about both binge and standard; 1 standard drink is 10g; binge is 5 standard drinks","Alcohol consumption first trimester",NA,NA,"Leary2010b.r_alcoholconsumptionduringfirsttrimester",FALSE
"24","Leary2010b.r","Alcohol consumption: during late pregnancy","1","question","ordinal","1 | 2 | 3 | 4 | 5 | 6 | 7 | 8","abstinent | low <70g and on one day no more than 2 standard drinks | moderate <70g alcohol per week and 21 to 49g per occasion | moderate and binge less than weekly | heavy and binge 1 or 2 times a week | heavy and binge >2 times a week | heavy <50g per occasion so no binge, 70.1-140.0g a week | very heavy <50g per occasion so no binge, > 140.1g a week",FALSE,NA,NA,NA,NA,"self-report","retrospective","late","frequency","NA","NA","g","10","NA","FALSE","FALSE","NA","Table p.3. Late pregnancy Alcohol N(%). NOTE: about both binge and standard; 1 standard drink is 10g; binge is 5 standard drinks","Alcohol consumption third trimester",NA,NA,"Leary2010b.r_alcoholconsumptionduringlatepregnancy",FALSE
"25","May2000.r","FAS diagnosis","1","aggregate","logical","0 | 1","Control | FAS",TRUE,"IOM96","1","if possible","active",NA,NA,NA,NA,NA,NA,NA,NA,NA,NA,NA,NA,NA,NA,NA,NA,"May2000.r_fasdiagnosis",TRUE
"26","May2000.r","Current alcohol consumption","1","question","numeric","NA",NA,FALSE,NA,NA,NA,NA,"interview","current","current","units","weekday","units","NA","NA","per week","FALSE","FALSE","NA","we don't know how much 1 drink is in oz",NA,"g","NA","May2000.r_currentalcoholconsumption",FALSE
"27","May2000.r","Drinks current a Saturday","1","question","numeric","NA",NA,FALSE,NA,NA,NA,NA,"interview","current","current","units","saturday","units","NA","NA","per day","FALSE","FALSE","NA","we don't know how much 1 drink is in oz",NA,"g","NA","May2000.r_drinkscurrentasaturday",FALSE
"28","May2000.r","Drinking before","1","question","ordinal","1 | 2 | 3","drank about the same (as current use) | drank less (than current use) | drank more (than current use)",FALSE,NA,NA,NA,NA,"interview","retrospective","before","frequency","any day","NA","NA","NA","NA","FALSE","FALSE","NA","Table 3, p. 6. Drinking in months before pregnancy with index child, %Drank about the same (as current use),Drank less (than current use), Drank more (than current use) Note, we don't know how much 1 drink is in oz","Alcohol consumption before","NA","NA","May2000.r_drinkingbefore",FALSE
"29","May2000.r","Alcohol consumption: during first trimester","1","question","ordinal","1 | 2 | 3","drank about the same (as current use) | drank less (than current use) | drank more (than current use)",FALSE,NA,NA,NA,NA,"interview","retrospective","1st","frequency","any day","NA","NA","NA","NA","FALSE","FALSE","NA","Table 3, p.6. Drinking during first trimester of pregnancy with index child, % Drank about the same (as current use) Drank less (than current use) Drank more (than current use). Note, we don't know how much 1 drink is in oz","Alcohol consumption first trimester","NA","NA","May2000.r_alcoholconsumptionduringfirsttrimester",FALSE
"30","May2000.r","Alcohol consumption: during second trimester","1","question","ordinal","1 | 2 | 3","drank about the same (as current use) | drank less (than current use) | drank more (than current use)",FALSE,NA,NA,NA,NA,"interview","retrospective","2nd","frequency","any day","NA","NA","NA","NA","FALSE","FALSE","NA","Table 3, p.6. Drinking during second trimester of pregnancy with index child, % Drank about the same (as current use) Drank less (than current use) Drank more (than current use). Note, we don't know how much 1 drink is in oz","Alcohol consumption second trimester","NA","NA","May2000.r_alcoholconsumptionduringsecondtrimester",FALSE
"31","May2000.r","Alcohol consumption: during third trimester","1","question","ordinal","1 | 2 | 3","drank about the same (as current use) | drank less (than current use) | drank more (than current use)",FALSE,NA,NA,NA,NA,"interview","retrospective","3rd","frequency","any day","NA","NA","NA","NA","FALSE","FALSE","NA","Table 3, p.6. Drinking during third trimester of pregnancy with index child, % Drank about the same (as current use) Drank less (than current use) Drank more (than current use). Note, we don't know how much 1 drink is in oz","Alcohol consumption third trimester",NA,NA,"May2000.r_alcoholconsumptionduringthirdtrimester",FALSE
"32","May2000.r","Smoking during","1","question","logical","NA",NA,FALSE,NA,NA,NA,NA,"interview","retrospective","during","frequency","any day","NA",NA,NA,"NA","FALSE","FALSE","NA","Table 3, p.6. Smoked during index pregnancy, Yes %","Smoking during",NA,NA,"May2000.r_smokingduring",FALSE
"33","May2005.r","FAS diagnosis","1","aggregate","logical","0 | 1","Control | FAS",TRUE,"IOM96","1","if possible","active",NA,NA,NA,NA,NA,NA,NA,NA,NA,NA,NA,NA,NA,NA,NA,NA,"May2005.r_fasdiagnosis",TRUE
"34","May2005.r","Consumes alcohol: current","1","question","logical","NA",NA,FALSE,NA,NA,NA,NA,"interview","concurrent","current","any","any day","NA","NA","NA","NA","FALSE","NA","340 mL of beer, 120 mL of wine, or 44 mL of distilled spirits (5%, 11%, and 43% ethanol, respectively)","yes/no question",NA,"NA","NA","May2005.r_consumesalcoholcurrent",FALSE
"35","May2005.r","Smoking current","1","question","logical","NA",NA,FALSE,NA,NA,NA,NA,"interview","concurrent","current","any","any day","NA",NA,NA,"NA","FALSE","NA","NA","yes/no question",NA,NA,NA,"May2005.r_smokingcurrent",FALSE
"36","May2005.r","Current alcohol consumption","1","question","numeric","NA",NA,FALSE,NA,NA,NA,NA,"interview","concurrent","current","units","weekday","units","ml","15.48625","per week","FALSE","FALSE","NA","Drinks were measured in standard ethanol units: 340 mL of beer, 120 mL of
wine, or 44 mL of distilled spirits (5%, 11%, and 43% ethanol, respectively).",NA,"g","12.389","May2005.r_currentalcoholconsumption",FALSE
"37","May2005.r","Current tobacco use","1","question","numeric","NA",NA,FALSE,NA,NA,NA,NA,"interview","concurrent","current","NA","weekday","g",NA,NA,"per week","FALSE","FALSE","NA","g per week",NA,NA,NA,"May2005.r_currenttobaccouse",FALSE
"38","May2005.r","Binge current","1","question","logical","NA",NA,FALSE,NA,NA,NA,NA,"interview","concurrent","current","frequency","any day","NA","NA","NA","days per week","TRUE","FALSE","NA","Binge is 3 drinks or more",NA,NA,NA,"May2005.r_bingecurrent",FALSE
"39","May2005.r","Current alcohol consumption a weekend","1","question","numeric","NA",NA,FALSE,NA,NA,NA,NA,"interview","concurrent","current","units","weekendday","units","ml","15.48625","weekend","FALSE","FALSE","NA","Drinks were measured in standard ethanol units: 340 mL of beer, 120 mL of
wine, or 44 mL of distilled spirits (5%, 11%, and 43% ethanol, respectively).",NA,"g","12.389","May2005.r_currentalcoholconsumptionaweekend",FALSE
"40","May2005.r","Drinking before","1","question","ordinal","1 | 2 | 3 | 4 | 5","drank about the same vs current use | drank less | drank more | did not drink | stopped during this period",FALSE,NA,NA,NA,NA,"interview","retrospective","before","any","NA","NA","NA","NA","NA","FALSE","FALSE","NA","Table 3, p. 5. Before pregnancy, % 'drank about the same vs current use', 'drank less', 'drank more', 'did not drink', 'stopped during this period'),","Alcohol consumption before",NA,NA,"May2005.r_drinkingbefore",FALSE
"41","May2005.r","Smoking before","1","question","ordinal","1 | 2 | 3 | 4 | 5","smoked about the same vs current use | smoked less | smoked more | did not smoke | stopped during this period",FALSE,NA,NA,NA,NA,"interview","retrospective","before","any","NA","NA","NA","NA","NA","FALSE","FALSE","NA","Table 3, p. 6. Before pregnancy, % ('smoked about the same vs current use', 'smoked less', 'smoked more', 'did not smoke', 'stopped during this period'), ","Smoking before",NA,NA,"May2005.r_smokingbefore",FALSE
"42","May2005.r","Smoking during","1","question","logical","NA",NA,FALSE,NA,NA,NA,NA,"interview","retrospective","during","any","NA","NA",NA,NA,"NA","FALSE","FALSE","NA","Table 3, p. 6. Smoking During first trimester of pregnancy, % ","Smoking during",NA,NA,"May2005.r_smokingduring",FALSE
"43","May2005.r","Alcohol consumption: during first trimester","1","question","ordinal","1 | 2 | 3 | 4 | 5","drank about the same vs current use | drank less | drank more | did not drink | stopped during this period",FALSE,NA,NA,NA,NA,"interview","retrospective","1st","any","NA","NA","NA","NA","NA","FALSE","FALSE","NA","Table 3, p. 5. During first trimester of pregnancy, % 'drank about the same vs current use', 'drank less', 'drank more','did not drink', 'stopped during this period'","Alcohol consumption first trimester",NA,NA,"May2005.r_alcoholconsumptionduringfirsttrimester",FALSE
"44","May2005.r","Smoking during first trimester","1","question","ordinal","1 | 2 | 3 | 4 | 5","smoked about the same vs current use | smoked less | smoked more | did not smoke | stopped during this period",FALSE,NA,NA,NA,NA,"interview","retrospective","1st","any","NA","NA",NA,NA,"NA","FALSE","FALSE","NA","Table 3, p. 6.During first trimester of pregnancy, % 'smoked about the same vs current use', 'smoked less', 'smoked more', 'did not smoke', 'stopped during this period'","Smoking first trimester",NA,NA,"May2005.r_smokingduringfirsttrimester",FALSE
"45","May2005.r","Alcohol consumption: during second trimester","1","question","ordinal","1 | 2 | 3 | 4 | 5","drank about the same vs current use | drank less | drank more | did not drink | stopped during this period",FALSE,NA,NA,NA,NA,"interview","retrospective","2nd","any","NA","NA","NA","NA","NA","FALSE","FALSE","NA","Table 3, p. 6.During second trimester of pregnancy, % 'smoked about the same vs current use', 'smoked less', 'smoked more', 'did not smoke', 'stopped during this period","Alcohol consumption second trimester",NA,NA,"May2005.r_alcoholconsumptionduringsecondtrimester",FALSE
"46","May2005.r","Smoking during second trimester","1","question","ordinal","1 | 2 | 3 | 4 | 5","smoked about the same vs current use | smoked less | smoked more | did not smoke | stopped during this period",FALSE,NA,NA,NA,NA,"interview","retrospective","2nd","any","NA","NA",NA,NA,"NA","FALSE","FALSE","NA","Table 3, p. 6. During second trimester of pregnancy, % 'smoked about the same vs current use', 'smoked less', 'smoked more', 'did not smoke', 'stopped during this period","Smoking second trimester",NA,NA,"May2005.r_smokingduringsecondtrimester",FALSE
"47","May2005.r","Alcohol consumption: during third trimester","1","question","ordinal","1 | 2 | 3 | 4 | 5","drank about the same vs current use | drank less | drank more | did not drink | stopped during this period",FALSE,NA,NA,NA,NA,"interview","retrospective","3rd","any","NA","NA","NA","NA","NA","FALSE","FALSE","NA","Table 3, p. 6.During thrd trimester of pregnancy, % 'smoked about the same vs current use', 'smoked less', 'smoked more', 'did not smoke', 'stopped during this period","Alcohol consumption third trimester",NA,NA,"May2005.r_alcoholconsumptionduringthirdtrimester",FALSE
"48","May2005.r","Smoking during third trimester","1","question","ordinal","1 | 2 | 3 | 4 | 5","smoked about the same vs current use | smoked less | smoked more | did not smoke | stopped during this period",FALSE,NA,NA,NA,NA,"interview","retrospective","3rd","any","NA","NA",NA,NA,"NA","FALSE","FALSE","NA","Table 3, p. 6. During third trimester of pregnancy, % 'smoked about the same vs current use', 'smoked less', 'smoked more', 'did not smoke', 'stopped during this period","Smoking third trimester",NA,NA,"May2005.r_smokingduringthirdtrimester",FALSE
"49","May2005.r","Alcohol abuse","1","question","logical","NA",NA,FALSE,NA,NA,NA,NA,"interview","retrospective","other","any","NA","NA","NA","NA","NA","FALSE","TRUE","NA","yes/no question",NA,NA,NA,"May2005.r_alcoholabuse",FALSE
"50","May2005.r","Current drinker and smoker","1","question","logical","NA",NA,FALSE,NA,NA,NA,NA,"interview","retrospective","other","any","NA","NA","NA","NA","NA","FALSE","TRUE","NA","yes/no question",NA,NA,NA,"May2005.r_currentdrinkerandsmoker",FALSE
"51","May2007a.r","FASD diagnosis","1","aggregate","logical","0 | 1","Control | FASD",TRUE,"IOM05","5","if possible","active",NA,NA,NA,NA,NA,NA,NA,NA,NA,NA,NA,NA,NA,NA,NA,NA,"May2007a.r_fasddiagnosis",TRUE
"52","May2007a.r","Consumes alcohol: current","1","question","logical","NA",NA,FALSE,NA,NA,NA,NA,"interview","concurrent","current","any","NA","NA","NA","NA","NA","FALSE","FALSE","NA","NA",NA,NA,NA,"May2007a.r_consumesalcoholcurrent",FALSE
"53","May2007a.r","Smoking current","1","question","logical","NA",NA,FALSE,NA,NA,NA,NA,"interview","concurrent","current","any","weekday","NA","NA","NA","per week","FALSE","FALSE","NA","NA",NA,NA,NA,"May2007a.r_smokingcurrent",FALSE
"54","May2007a.r","Smoking during","1","question","logical","NA",NA,FALSE,NA,NA,NA,NA,"interview","concurrent","during","any","weekday","NA","NA","NA","per week","FALSE","FALSE","NA","NA",NA,NA,NA,"May2007a.r_smokingduring",FALSE
"55","May2007a.r","Current tobacco use","1","question","numeric","NA",NA,FALSE,NA,NA,NA,NA,"interview","concurrent","other","any","weekday","g",NA,NA,"per week","FALSE","FALSE","NA","g per week from whole sample",NA,NA,NA,"May2007a.r_currenttobaccouse",FALSE
"56","May2007a.r","Drinks current a week","1","question","numeric","NA",NA,FALSE,NA,NA,NA,NA,"interview","concurrent","current","any","weekday","units","NA","NA","per week","FALSE","FALSE","NA","NA",NA,"g","NA","May2007a.r_drinkscurrentaweek",FALSE
"57","May2007a.r","Drinks current a weekend","1","question","numeric","NA",NA,FALSE,NA,NA,NA,NA,"interview","concurrent","current","any","weekendday","units","NA","NA","weekend","FALSE","FALSE","NA","NA",NA,"g","NA","May2007a.r_drinkscurrentaweekend",FALSE
"58","May2007a.r","Drinking before","1","question","logical","NA",NA,FALSE,NA,NA,NA,NA,"interview","retrospective","before","any","any day","NA","NA","NA","NA","FALSE","FALSE","NA","Table 3, p. 8. Drinking before index pregnancy (%)","Alcohol consumption before",NA,NA,"May2007a.r_drinkingbefore",FALSE
"59","May2007a.r","Alcohol consumption: during","1","question","logical","NA",NA,FALSE,NA,NA,NA,NA,"interview","retrospective","during","any","any day","NA","NA","NA","NA","FALSE","FALSE","NA","Table 3, p.8. Drank during index pregnancy (%)","Alcohol consumption during",NA,NA,"May2007a.r_alcoholconsumptionduring",FALSE
"60","May2007a.r","Alcohol consumption: during first trimester","1","question","logical","NA",NA,FALSE,NA,NA,NA,NA,"interview","retrospective","1st","any","any day","NA","NA","NA","NA","FALSE","FALSE","NA","Table 3, p.8. Drank during index pregnancy 1st(%)","Alcohol consumption first trimester",NA,NA,"May2007a.r_alcoholconsumptionduringfirsttrimester",FALSE
"61","May2007a.r","Alcohol consumption: during second trimester","1","question","logical","NA",NA,FALSE,NA,NA,NA,NA,"interview","retrospective","2nd","any","any day","NA","NA","NA","NA","FALSE","FALSE","NA","Table 3, p.8. Drank during index pregnancy 2nd(%)","Alcohol consumption second trimester",NA,NA,"May2007a.r_alcoholconsumptionduringsecondtrimester",FALSE
"62","May2007a.r","Alcohol consumption: during third trimester","1","question","logical","NA",NA,FALSE,NA,NA,NA,NA,"interview","retrospective","3rd","any","any day","NA","NA","NA","NA","FALSE","FALSE","NA","Table 3, p.8. Drank during index pregnancy 3rd(%)","Alcohol consumption third trimester",NA,NA,"May2007a.r_alcoholconsumptionduringthirdtrimester",FALSE
"63","May2008a.r","FAS diagnosis","1","aggregate","logical","0 | 1","Control | FAS",TRUE,"IOM05","1","if possible","active",NA,NA,NA,NA,NA,NA,NA,NA,NA,NA,NA,NA,NA,NA,NA,NA,"May2008a.r_fasdiagnosis",TRUE
"64","May2008a.r","pFAS diagnosis","1","aggregate","logical","0 | 1","Control | pFAS",TRUE,"IOM05","2","if possible","active",NA,NA,NA,NA,NA,NA,NA,NA,NA,NA,NA,NA,NA,NA,NA,NA,"May2008a.r_pfasdiagnosis",TRUE
"65","May2008a.r","Consumes alcohol: current","1","question","logical","NA",NA,FALSE,NA,NA,NA,NA,"interview","concurrent","current","any","NA","NA","NA","NA","NA","FALSE","FALSE","Drinks were measured in standard ethanol units: 340 ml
can / bottle of beer (5% ethanol), 120 ml of wine (11% ethanol),
95 ml of wine (13.5% ethanol), or 44 ml of distilled spirits (43% ethanol).","NA",NA,NA,NA,"May2008a.r_consumesalcoholcurrent",FALSE
"66","May2008a.r","Drinks current a week","1","question","numeric","NA",NA,FALSE,NA,NA,NA,NA,"interview","concurrent","current","frequency","weekday","units","ml","15.48625","per week","FALSE","FALSE","Drinks were measured in standard ethanol units: 340 ml
can / bottle of beer (5% ethanol), 120 ml of wine (11% ethanol),
95 ml of wine (13.5% ethanol), or 44 ml of distilled spirits (43% ethanol).","NA",NA,"g","12.389","May2008a.r_drinkscurrentaweek",FALSE
"67","May2008a.r","Current tobacco use","1","question","numeric","NA",NA,FALSE,NA,NA,NA,NA,"interview","concurrent","current","frequency","weekday","g",NA,NA,"per week","FALSE","FALSE","NA","NA",NA,NA,NA,"May2008a.r_currenttobaccouse",FALSE
"68","May2008a.r","Binge current a week","1","question","logical","NA",NA,FALSE,NA,NA,NA,NA,"interview","concurrent","current","frequency","weekday","NA","NA","15.48625","per week","TRUE","FALSE","Drinks were measured in standard ethanol units: 340 ml can / bottle of beer (5% ethanol), 120 ml of wine (11% ethanol),
95 ml of wine (13.5% ethanol), or 44 ml of distilled spirits (43% ethanol).","Binge 3+ drinks",NA,"g","12.389","May2008a.r_bingecurrentaweek",FALSE
"69","May2008a.r","Drinks current a weekend","1","question","numeric","NA",NA,FALSE,NA,NA,NA,NA,"interview","concurrent","current","units","weekendday","units","ml","15.48625","weekend","FALSE","FALSE","Drinks were measured in standard ethanol units: 340 ml
can / bottle of beer (5% ethanol), 120 ml of wine (11% ethanol),
95 ml of wine (13.5% ethanol), or 44 ml of distilled spirits (43% ethanol).","NA",NA,"g","12.389","May2008a.r_drinkscurrentaweekend",FALSE
"70","May2008a.r","Percent drinks current a weekend","1","question","logical","NA",NA,FALSE,NA,NA,NA,NA,"interview","concurrent","current","any","weekendday","NA","NA","NA","NA","FALSE","FALSE","Drinks were measured in standard ethanol units: 340 ml
can / bottle of beer (5% ethanol), 120 ml of wine (11% ethanol),
95 ml of wine (13.5% ethanol), or 44 ml of distilled spirits (43% ethanol).","NA",NA,"NA","NA","May2008a.r_percentdrinkscurrentaweekend",FALSE
"71","May2008a.r","Drinking before","1","question","ordinal","1 | 2 | 3 | 4 | 5","drank about the same | drank less | drank more | did not drink | drank during index pregnancy",FALSE,NA,NA,NA,NA,"interview","retrospective","before","units","any day","NA","NA","NA","NA","FALSE","FALSE","Drinks were measured in standard ethanol units: 340 ml
can / bottle of beer (5% ethanol), 120 ml of wine (11% ethanol),
95 ml of wine (13.5% ethanol), or 44 ml of distilled spirits (43% ethanol).","Table 4, p. 745. Drink month before pregnancy (%), 'drank about the same', 'drank less','drank more',	'did not drink','drank during index pregnancy'","Alcohol consumption before",NA,NA,"May2008a.r_drinkingbefore",FALSE
"72","May2008a.r","Smoking before","1","question","ordinal","1 | 2 | 3 | 4","smoked about the same | smoked less | smoked more | did not smoke",FALSE,NA,NA,NA,NA,"interview","retrospective","before","units","any day","NA",NA,NA,"NA","FALSE","FALSE","NA","table 4, p.746. Smoking in month before pregnancy (%).'smoked about the same', 'smoked less',	'smoked more',	'did not smoke' ","Smoking before",NA,NA,"May2008a.r_smokingbefore",FALSE
"73","May2008a.r","Smoking during","1","question","logical","NA",NA,FALSE,NA,NA,NA,NA,"interview","concurrent","during","any","NA","NA",NA,NA,"NA","FALSE","FALSE","NA","table 4, p.746. Smoked during index pregnancy (%)","Smoking during",NA,NA,"May2008a.r_smokingduring",FALSE
"74","May2008a.r","Smoking and drinking during","1","question","logical","NA",NA,FALSE,NA,NA,NA,NA,"interview","concurrent","during","any","NA","NA",NA,NA,"NA","FALSE","FALSE","NA","table 4, p.746. Drank and smoked during index pregnancy (%)","Smoking and alcohol consumption during",NA,NA,"May2008a.r_smokinganddrinkingduring",FALSE
"75","May2008a.r","Alcohol consumption: during first trimester","1","question","ordinal","1 | 2 | 3 | 4 | 5","drank about the same | drank less | drank more | did not drink | stopped during trimester",FALSE,NA,NA,NA,NA,"interview","retrospective","1st","units","any day","NA","NA","12.4","NA","FALSE","FALSE","Drinks were measured in standard ethanol units: 340 ml
can / bottle of beer (5% ethanol), 120 ml of wine (11% ethanol),
95 ml of wine (13.5% ethanol), or 44 ml of distilled spirits (43% ethanol).","Table 4. 745. drinking during first trimester compared to current (%)'drank about the same', 'drank less',	'drank more','did not drink', 'stopped during trimester'","Alcohol consumption first trimester",NA,NA,"May2008a.r_alcoholconsumptionduringfirsttrimester",FALSE
"76","May2008a.r","Smoking during first trimester","1","question","ordinal","1 | 2 | 3 | 4 | 5","smoked about the same | smoked less | smoked more | did not smoke | stopped during trimester",FALSE,NA,NA,NA,NA,"interview","retrospective","1st","units","any day","NA",NA,NA,"NA","FALSE","FALSE","NA","table 4, p.746. Smoked during index pregnancy, first trimester (as current use) (%)'smoked about the same','smoked less','smoked more','did not smoke','stopped during trimester'","Smoking first trimester",NA,NA,"May2008a.r_smokingduringfirsttrimester",FALSE
"77","May2008a.r","Alcohol consumption: during second trimester","1","question","ordinal","1 | 2 | 3 | 4 | 5","drank about the same | drank less | drank more | did not drink | stopped during trimester",FALSE,NA,NA,NA,NA,"interview","retrospective","2nd","units","any day","NA","NA","NA","NA","FALSE","FALSE","Drinks were measured in standard ethanol units: 340 ml
can / bottle of beer (5% ethanol), 120 ml of wine (11% ethanol),
95 ml of wine (13.5% ethanol), or 44 ml of distilled spirits (43% ethanol).","Table 4. 745. drinking during second trimester compared to current (%)'drank about the same', 'drank less',	'drank more','did not drink', 'stopped during trimester'","Alcohol consumption second trimester",NA,NA,"May2008a.r_alcoholconsumptionduringsecondtrimester",FALSE
"78","May2008a.r","Smoking during second trimester","1","question","ordinal","1 | 2 | 3 | 4 | 5","smoked about the same | smoked less | smoked more | did not smoke | stopped during trimester",FALSE,NA,NA,NA,NA,"interview","retrospective","2nd","units","any day","NA",NA,NA,"NA","FALSE","FALSE","NA","table 4, p.746. Smoked during index pregnancy, second trimester (as current use) (%)'smoked about the same','smoked less','smoked more','did not smoke','stopped during trimester'","Smoking second trimester",NA,NA,"May2008a.r_smokingduringsecondtrimester",FALSE
"79","May2008a.r","Alcohol consumption: during third trimester","1","question","ordinal","1 | 2 | 3 | 4 | 5","drank about the same | drank less | drank more | did not drink | stopped during trimester",FALSE,NA,NA,NA,NA,"interview","retrospective","3rd","units","any day","NA","NA","NA","NA","FALSE","FALSE","Drinks were measured in standard ethanol units: 340 ml
can / bottle of beer (5% ethanol), 120 ml of wine (11% ethanol),
95 ml of wine (13.5% ethanol), or 44 ml of distilled spirits (43% ethanol).","Table 4. 745. drinking during third trimester compared to current (%)'drank about the same', 'drank less',	'drank more','did not drink', 'stopped during trimester'","Alcohol consumption third trimester",NA,NA,"May2008a.r_alcoholconsumptionduringthirdtrimester",FALSE
"80","May2008a.r","Smoking during third trimester","1","question","ordinal","1 | 2 | 3 | 4 | 5","smoked about the same | smoked less | smoked more | did not smoke | stopped during trimester",FALSE,NA,NA,NA,NA,"interview","retrospective","3rd","units","any day","NA",NA,NA,"NA","FALSE","FALSE","NA","table 4, p.746. Smoked during index pregnancy, third trimester (as current use) (%)'smoked about the same','smoked less','smoked more','did not smoke','stopped during trimester'","Smoking third trimester",NA,NA,"May2008a.r_smokingduringthirdtrimester",FALSE
"81","May2008a.r","Drinks before a day","1","question","numeric","NA",NA,FALSE,NA,NA,NA,NA,"interview","retrospective","before","units","any day","units","ml","15.48625","a day","FALSE","FALSE","Drinks were measured in standard ethanol units: 340 ml can / bottle of beer (5% ethanol), 120 ml of wine (11% ethanol),
95 ml of wine (13.5% ethanol), or 44 ml of distilled spirits (43% ethanol).","Table 4, p. 746. Drinks per drinking day prior to pregnancy - mean(SD)","Alcohol consumption before","g","12.389","May2008a.r_drinksbeforeaday",FALSE
"82","May2008a.r","Binge during","1","question","logical","NA",NA,FALSE,NA,NA,NA,NA,"interview","retrospective","before","units","any day","NA",NA,NA,"NA","TRUE","FALSE","NA","Table 4, p. 746. Binged 3+ during pregnancy (%)","Binge during",NA,NA,"May2008a.r_bingeduring",FALSE
"83","May2008a.r","Drinks during first trimester a day","1","question","numeric","NA",NA,FALSE,NA,NA,NA,NA,"interview","retrospective","1st","units","any day","units","ml","15.48625","a day","FALSE","FALSE","Drinks were measured in standard ethanol units: 340 ml
can / bottle of beer (5% ethanol), 120 ml of wine (11% ethanol),
95 ml of wine (13.5% ethanol), or 44 ml of distilled spirits (43% ethanol).","Table 4, p. 746. drinks per drinking day First trimester - mean (SD)","Alcohol consumption first trimester","g","12.389","May2008a.r_drinksduringfirsttrimesteraday",FALSE
"84","May2008a.r","Drinks during second trimester a day","1","question","numeric","NA",NA,FALSE,NA,NA,NA,NA,"interview","retrospective","2nd","units","any day","units","ml","15.48625","a day","FALSE","FALSE","Drinks were measured in standard ethanol units: 340 ml
can / bottle of beer (5% ethanol), 120 ml of wine (11% ethanol),
95 ml of wine (13.5% ethanol), or 44 ml of distilled spirits (43% ethanol).","Table 4, p. 746. drinks per drinking day second trimester - mean (SD)","Alcohol consumption second trimester","g","12.389","May2008a.r_drinksduringsecondtrimesteraday",FALSE
"85","May2008a.r","Drinks during third trimester a day","1","question","numeric","NA",NA,FALSE,NA,NA,NA,NA,"interview","retrospective","3rd","units","any day","units","ml","15.48625","a day","FALSE","FALSE","Drinks were measured in standard ethanol units: 340 ml
can / bottle of beer (5% ethanol), 120 ml of wine (11% ethanol),
95 ml of wine (13.5% ethanol), or 44 ml of distilled spirits (43% ethanol).","Table 4, p. 746. drinks per drinking day third trimester - mean (SD)","Alcohol consumption third trimester","g","12.389","May2008a.r_drinksduringthirdtrimesteraday",FALSE
"86","May2008a.r","Peak estimated BAC first trimester","1","question","numeric","NA",NA,FALSE,NA,NA,NA,NA,"interview","retrospective","1st","NA","NA","units","NA","NA","NA","FALSE","FALSE","NA","Table 4, p. 746. Peak BAC estimated First trimester - mean (SD)","Alcohol consumption first trimester(BAC)","g","NA","May2008a.r_peakestimatedbacfirsttrimester",FALSE
"87","May2008a.r","Peak estimated BAC second trimester","1","question","numeric","NA",NA,FALSE,NA,NA,NA,NA,"interview","retrospective","2nd","NA","NA","units","NA","NA","NA","FALSE","FALSE","NA","Table 4, p. 746. Peak BAC estimated second trimester - mean (SD)","Alcohol consumption second trimester(BAC)","g","NA","May2008a.r_peakestimatedbacsecondtrimester",FALSE
"88","May2008a.r","Peak estimated BAC third trimester","1","question","numeric","NA",NA,FALSE,NA,NA,NA,NA,"interview","retrospective","3rd","units","NA","units","NA","NA","NA","FALSE","FALSE","NA","Table 4, p. 746. Peak BAC estimated third trimester - mean (SD)","Alcohol consumption third trimester(BAC)","g","NA","May2008a.r_peakestimatedbacthirdtrimester",FALSE
"89","May2011b.r","FAS diagnosis","1","aggregate","logical","0 | 1","Control | FAS",TRUE,"IOM05","1","if possible","active",NA,NA,NA,NA,NA,NA,NA,NA,NA,NA,NA,NA,NA,NA,NA,NA,"May2011b.r_fasdiagnosis",TRUE
"90","May2011b.r","pFAS diagnosis","1","aggregate","logical","0 | 1","Control | pFAS",TRUE,"IOM05","2","if possible","active",NA,NA,NA,NA,NA,NA,NA,NA,NA,NA,NA,NA,NA,NA,NA,NA,"May2011b.r_pfasdiagnosis",TRUE
"91","May2011b.r","FASD diagnosis","1","aggregate","logical","0 | 1","Control | FASD",TRUE,"IOM05","5","if possible","active",NA,NA,NA,NA,NA,NA,NA,NA,NA,NA,NA,NA,NA,NA,NA,NA,"May2011b.r_fasddiagnosis",TRUE
"92","May2011b.r","Alcohol consumption: during","1","question","logical","NA",NA,FALSE,NA,NA,NA,NA,"interview","retrospective","during","any","any day","NA","NA","NA","NA","FALSE","FALSE","NA","Table 2, p.2340. Report drinking during pregnancy (%).","Alcohol consumption during",NA,NA,"May2011b.r_alcoholconsumptionduring",FALSE
"93","May2011b.r","Smoking current","1","question","logical","NA",NA,FALSE,NA,NA,NA,NA,"interview","retrospective","other","any","any day","NA",NA,NA,"NA","FALSE","FALSE","NA","NA",NA,NA,NA,"May2011b.r_smokingcurrent",FALSE
"94","May2011b.r","Smoking before","1","question","logical","NA",NA,FALSE,NA,NA,NA,NA,"interview","retrospective","before","any","any day","NA",NA,NA,"NA","FALSE","FALSE","NA","Table 4, p. 2341. Percent smoked 3 months before index pregnancy (among ever smokers)","Smoking before",NA,NA,"May2011b.r_smokingbefore",FALSE
"95","May2011b.r","Smoking during","1","question","logical","NA",NA,FALSE,NA,NA,NA,NA,"interview","retrospective","during","any","any day","NA",NA,NA,"NA","FALSE","FALSE","NA","Table 4, p. 2341. Percent who smoked during index pregnancy (ever smokers)","Smoking during",NA,NA,"May2011b.r_smokingduring",FALSE
"96","May2011b.r","Drinks current a week","1","question","numeric","NA",NA,FALSE,NA,NA,NA,NA,"interview","concurrent","current","units","any day","units","NA","NA","per week","FALSE","FALSE","NA","NA",NA,"g","NA","May2011b.r_drinkscurrentaweek",FALSE
"97","May2011b.r","Drinks current a day","1","question","numeric","NA",NA,FALSE,NA,NA,NA,NA,"interview","concurrent","current","units","drinking day","units","NA","NA","per day","FALSE","FALSE","NA","NA",NA,"g","NA","May2011b.r_drinkscurrentaday",FALSE
"98","May2011b.r","Consumes alcohol: current","1","question","logical","NA",NA,FALSE,NA,NA,NA,NA,"interview","concurrent","current","any","any day","NA","NA","NA","pas 12 months","FALSE","FALSE","NA","NA",NA,NA,NA,"May2011b.r_consumesalcoholcurrent",FALSE
"99","May2011b.r","Drinks current last month","1","question","numeric","NA",NA,FALSE,NA,NA,NA,NA,"interview","concurrent","current","units","any day","units","NA","NA","last month","FALSE","FALSE","NA","NA",NA,"g","NA","May2011b.r_drinkscurrentlastmonth",FALSE
"100","May2011b.r","Alcohol consumption: during first trimester","1","question","logical","NA",NA,FALSE,NA,NA,NA,NA,"interview","retrospective","1st","any","any day","NA","NA","NA","NA","FALSE","FALSE","NA","Table 4, p. 2341. Among ever drinkers, drinking during 1st trimester %","Alcohol consumption first trimester",NA,NA,"May2011b.r_alcoholconsumptionduringfirsttrimester",FALSE
"101","May2011b.r","Alcohol consumption: during second trimester","1","question","logical","NA",NA,FALSE,NA,NA,NA,NA,"interview","retrospective","2nd","any","any day","NA","NA","NA","NA","FALSE","FALSE","NA","Table 4, p. 2341. Among ever drinkers, drinking during 2nd trimester %","Alcohol consumption second trimester",NA,NA,"May2011b.r_alcoholconsumptionduringsecondtrimester",FALSE
"102","May2011b.r","Alcohol consumption: during third trimester","1","question","logical","NA",NA,FALSE,NA,NA,NA,NA,"interview","retrospective","3rd","any","any day","NA","NA","NA","NA","FALSE","FALSE","NA","Table 4, p. 2341. Among ever drinkers, drinking during 3rd trimester %","Alcohol consumption third trimester",NA,NA,"May2011b.r_alcoholconsumptionduringthirdtrimester",FALSE
"103","May2013d.r","FAS diagnosis","1","aggregate","logical","0 | 1","Control | FAS",TRUE,"IOM05","1","if possible","active",NA,NA,NA,NA,NA,NA,NA,NA,NA,NA,NA,NA,NA,NA,NA,NA,"May2013d.r_fasdiagnosis",TRUE
"104","May2013d.r","pFAS diagnosis","1","aggregate","logical","0 | 1","Control | pFAS",TRUE,"IOM05","2","if possible","active",NA,NA,NA,NA,NA,NA,NA,NA,NA,NA,NA,NA,NA,NA,NA,NA,"May2013d.r_pfasdiagnosis",TRUE
"105","May2013d.r","ARND diagnosis","1","aggregate","logical","0 | 1","Control | ARND",TRUE,"IOM05","4","if possible","active",NA,NA,NA,NA,NA,NA,NA,NA,NA,NA,NA,NA,NA,NA,NA,NA,"May2013d.r_arnddiagnosis",TRUE
"106","May2013d.r","Drinks before a week","1","question","numeric","NA",NA,FALSE,NA,NA,NA,NA,"interview | self-report","retrospective","before","units","any day","units","ml","15.48625","per week","FALSE","FALSE","Drinks containing alcohol were measured in standard, American ethanol units
equalling 0.5 ounces of absolute alcohol: 340 ml can/bottle of beer (5% ethanol),
120 ml of wine (11% ethanol), 95 ml of wine (13.5% ethanol), or 44 ml of distilled
spirits (43% ethanol).","Table 1, p. 505. Total # standard drinks per week, 3 months before pregnancy, Mean (SD)","Alcohol consumption before","g","12.389","May2013d.r_drinksbeforeaweek",FALSE
"107","May2013d.r","Drinking more before","1","question","logical","NA",NA,FALSE,NA,NA,NA,NA,"interview | self-report","retrospective","before","any","any day","NA","NA","NA","per month","FALSE","FALSE","Drinks containing alcohol were measured in standard, American ethanol units
equalling 0.5 ounces of absolute alcohol: 340 ml can/bottle of beer (5% ethanol),
120 ml of wine (11% ethanol), 95 ml of wine (13.5% ethanol), or 44 ml of distilled
spirits (43% ethanol).","Table 1, p. 505. Percent drinking more (than current at interview) in months before becoming pregnant (%)","Alcohol consumption before",NA,NA,"May2013d.r_drinkingmorebefore",FALSE
"108","May2013d.r","Drinks during a week","1","question","numeric","NA",NA,FALSE,NA,NA,NA,NA,"interview | self-report","retrospective","during","units","any day","units","ml","15.48625","per week","FALSE","FALSE","Drinks containing alcohol were measured in standard, American ethanol units
equalling 0.5 ounces of absolute alcohol: 340 ml can/bottle of beer (5% ethanol),
120 ml of wine (11% ethanol), 95 ml of wine (13.5% ethanol), or 44 ml of distilled
spirits (43% ethanol).","Table 1, p. 505. Average # standard drinks per week during pregnancy, Mean (SD)","Alcohol consumption during","g","12.389","May2013d.r_drinksduringaweek",FALSE
"109","May2013d.r","Drinks during a weekend","1","question","numeric","NA",NA,FALSE,NA,NA,NA,NA,"interview | self-report","retrospective","during","units","weekendday","units","ml","15.48625","a weekend","FALSE","FALSE","Drinks containing alcohol were measured in standard, American ethanol units
equalling 0.5 ounces of absolute alcohol: 340 ml can/bottle of beer (5% ethanol),
120 ml of wine (11% ethanol), 95 ml of wine (13.5% ethanol), or 44 ml of distilled
spirits (43% ethanol).","Table 1, p. 505. Average # standard drinks consumed on Friday-Sunday during pregnancy, Mean (SD)","Alcohol consumption during","g","12.389","May2013d.r_drinksduringaweekend",FALSE
"110","May2013d.r","Drinks during Mo-Thu","1","question","numeric","NA",NA,FALSE,NA,NA,NA,NA,"interview | self-report","retrospective","during","units","weekday","units","ml","15.48625","4 days a week","FALSE","FALSE","Drinks containing alcohol were measured in standard, American ethanol units
equalling 0.5 ounces of absolute alcohol: 340 ml can/bottle of beer (5% ethanol),
120 ml of wine (11% ethanol), 95 ml of wine (13.5% ethanol), or 44 ml of distilled
spirits (43% ethanol).","Table 1, p. 505. Average # standard drinks consumed Mo-Thurs during pregnancy, Mean (SD)","Alcohol consumption during","g","12.389","May2013d.r_drinksduringmothu",FALSE
"111","May2013d.r","Drinks during a day","1","question","numeric","NA",NA,FALSE,NA,NA,NA,NA,"interview | self-report","retrospective","during","units","drinking day","units","ml","15.48625","per day","FALSE","FALSE","Drinks containing alcohol were measured in standard, American ethanol units
equalling 0.5 ounces of absolute alcohol: 340 ml can/bottle of beer (5% ethanol),
120 ml of wine (11% ethanol), 95 ml of wine (13.5% ethanol), or 44 ml of distilled
spirits (43% ethanol).","Table 1, p. 505. drinks consumed per drinking day during pregnancy, Mean (SD)","Alcohol consumption during","g","12.389","May2013d.r_drinksduringaday",FALSE
"112","May2013d.r","Binge during 3+","1","question","logical",NA,NA,FALSE,NA,NA,NA,NA,"interview | self-report","retrospective","during","units","any day","NA","NA","NA","per occasion","TRUE","FALSE","NA","Table 1, p. 505. Binge, 3 drinks per occasion during pregnancy (% yes)","Binge during",NA,NA,"May2013d.r_bingeduring3",FALSE
"113","May2013d.r","Binge during 5+","1","question","logical",NA,NA,FALSE,NA,NA,NA,NA,"interview | self-report","retrospective","during","units","any day","NA","NA","NA","per occasion","TRUE","FALSE","NA","Table 1, p. 505. Binge, 5 drinks per occasion during pregnancy (% yes)","Binge during",NA,NA,"May2013d.r_bingeduring5",FALSE
"114","May2013d.r","Drinks during first trimester","1","question","numeric","NA",NA,FALSE,NA,NA,NA,NA,"interview | self-report","retrospective","1st","units","NA","units","ml","15.48625","per day","FALSE","FALSE","Drinks containing alcohol were measured in standard, American ethanol units
equalling 0.5 ounces of absolute alcohol: 340 ml can/bottle of beer (5% ethanol),
120 ml of wine (11% ethanol), 95 ml of wine (13.5% ethanol), or 44 ml of distilled
spirits (43% ethanol).","Table 1, p. 505. drinks consumed per drinking day, first trimester, Mean (SD)","Alcohol consumption first trimester","g","12.389","May2013d.r_drinksduringfirsttrimester",FALSE
"115","May2013d.r","Drinks during second trimester","1","question","numeric","NA",NA,FALSE,NA,NA,NA,NA,"interview | self-report","retrospective","2nd","units","NA","units","ml","15.48625","per day","FALSE","FALSE","Drinks containing alcohol were measured in standard, American ethanol units
equalling 0.5 ounces of absolute alcohol: 340 ml can/bottle of beer (5% ethanol),
120 ml of wine (11% ethanol), 95 ml of wine (13.5% ethanol), or 44 ml of distilled
spirits (43% ethanol).","Table 1, p. 505. drinks consumed per drinking day, second trimester, Mean (SD)","Alcohol consumption second trimester","g","12.389","May2013d.r_drinksduringsecondtrimester",FALSE
"116","May2013d.r","Drinks during third trimester","1","question","numeric","NA",NA,FALSE,NA,NA,NA,NA,"interview | self-report","retrospective","3rd","units","NA","units","ml","15.48625","per day","FALSE","FALSE","Drinks containing alcohol were measured in standard, American ethanol units
equalling 0.5 ounces of absolute alcohol: 340 ml can/bottle of beer (5% ethanol),
120 ml of wine (11% ethanol), 95 ml of wine (13.5% ethanol), or 44 ml of distilled
spirits (43% ethanol).","Table 1, p. 505. drinks consumed per drinking day, third trimester, Mean (SD)","Alcohol consumption third trimester","g","12.389","May2013d.r_drinksduringthirdtrimester",FALSE
"117","May2013d.r","Drinking days current a week","1","question","numeric","NA",NA,FALSE,NA,NA,NA,NA,"interview | self-report","concurrent","current","frequency","drinking day","NA",NA,NA,"per week","FALSE","FALSE","NA","NA",NA,NA,NA,"May2013d.r_drinkingdayscurrentaweek",FALSE
"118","May2013d.r","Drinking days during a week","1","question","numeric","NA",NA,FALSE,NA,NA,NA,NA,"interview | self-report","retrospective","during","frequency","drinking day","NA",NA,NA,"per week","FALSE","FALSE","NA","Table 2, p. 507. number of drinking days per week, during pregnancy, Mean (SD)","Alcohol consumption during",NA,NA,"May2013d.r_drinkingdaysduringaweek",FALSE
"119","May2013d.r","Drinking days during first trimester","1","question","numeric","NA",NA,FALSE,NA,NA,NA,NA,"interview | self-report","retrospective","1st","frequency","drinking day","NA",NA,NA,"per week","FALSE","FALSE","NA","Table 2, p. 507. Number of drinking days per week, 1st trimester, Mean (SD)","Alcohol consumption first trimester",NA,NA,"May2013d.r_drinkingdaysduringfirsttrimester",FALSE
"120","May2013d.r","Drinking days during second trimester","1","question","numeric","NA",NA,FALSE,NA,NA,NA,NA,"interview | self-report","retrospective","2nd","frequency","drinking day","NA",NA,NA,"per week","FALSE","FALSE","NA","Table 2, p. 507. Number of drinking days per week, 2nd trimester, Mean (SD)","Alcohol consumption second trimester",NA,NA,"May2013d.r_drinkingdaysduringsecondtrimester",FALSE
"121","May2013d.r","Drinking days during third trimester","1","question","numeric","NA",NA,FALSE,NA,NA,NA,NA,"interview | self-report","retrospective","3rd","frequency","drinking day","NA",NA,NA,"per week","FALSE","FALSE","NA","Table 2, p. 507. Number of drinking days per week, 3rd trimester, Mean (SD)","Alcohol consumption third trimester",NA,NA,"May2013d.r_drinkingdaysduringthirdtrimester",FALSE
"122","May2013d.r","Peak estimated BAC first trimester","1","question","numeric","NA",NA,FALSE,NA,NA,NA,NA,"interview | self-report","retrospective","1st","frequency","drinking day","units","NA","NA","per day","FALSE","FALSE","Drinks containing alcohol were measured in standard, American ethanol units
equalling 0.5 ounces of absolute alcohol: 340 ml can/bottle of beer (5% ethanol),
120 ml of wine (11% ethanol), 95 ml of wine (13.5% ethanol), or 44 ml of distilled
spirits (43% ethanol).","Table 1, p. 505. drinks consumed per drinking day, first trimester, Mean (SD), peak BAC (estimated) via BACCuS technique","Alcohol consumption first trimester(BAC)","g","NA","May2013d.r_peakestimatedbacfirsttrimester",FALSE
"123","May2013d.r","Peak estimated BAC second trimester","1","question","numeric","NA",NA,FALSE,NA,NA,NA,NA,"interview | self-report","retrospective","2nd","frequency","drinking day","units","NA","NA","per day","FALSE","FALSE","Drinks containing alcohol were measured in standard, American ethanol units
equalling 0.5 ounces of absolute alcohol: 340 ml can/bottle of beer (5% ethanol),
120 ml of wine (11% ethanol), 95 ml of wine (13.5% ethanol), or 44 ml of distilled
spirits (43% ethanol).","Table 1, p. 505. drinks consumed per drinking day, second trimester, Mean (SD), peak BAC (estimated)via BACCuS technique","Alcohol consumption second trimester(BAC)","g","NA","May2013d.r_peakestimatedbacsecondtrimester",FALSE
"124","May2013d.r","Peak estimated BAC third trimester","1","question","numeric","NA",NA,FALSE,NA,NA,NA,NA,"interview | self-report","retrospective","3rd","frequency","drinking day","units","NA","NA","per day","FALSE","FALSE","Drinks containing alcohol were measured in standard, American ethanol units
equalling 0.5 ounces of absolute alcohol: 340 ml can/bottle of beer (5% ethanol),
120 ml of wine (11% ethanol), 95 ml of wine (13.5% ethanol), or 44 ml of distilled
spirits (43% ethanol).","Table 1, p. 505. drinks consumed per drinking day, third trimester, Mean (SD), peak BAC (estimated)via BACCuS technique","Alcohol consumption third trimester(BAC)","g","NA","May2013d.r_peakestimatedbacthirdtrimester",FALSE
"125","May2013e.r","FAS diagnosis","1","aggregate","logical","0 | 1","Control | FAS",TRUE,"IOM05","1","if possible","active",NA,NA,NA,NA,NA,NA,NA,NA,NA,NA,NA,NA,NA,NA,NA,NA,"May2013e.r_fasdiagnosis",TRUE
"126","May2013e.r","pFAS diagnosis","1","aggregate","logical","0 | 1","Control | pFAS",TRUE,"IOM05","2","if possible","active",NA,NA,NA,NA,NA,NA,NA,NA,NA,NA,NA,NA,NA,NA,NA,NA,"May2013e.r_pfasdiagnosis",TRUE
"127","May2013e.r","ARND diagnosis","1","aggregate","logical","0 | 1","Control | ARND",TRUE,"IOM05","4","if possible","active",NA,NA,NA,NA,NA,NA,NA,NA,NA,NA,NA,NA,NA,NA,NA,NA,"May2013e.r_arnddiagnosis",TRUE
"128","May2013e.r","Drinking during","1","question","logical","NA",NA,FALSE,NA,NA,NA,NA,"interview","retrospective","during","any","any day","NA","NA","NA","NA","FALSE","FALSE","NA","Table 3, p. 826. Drinking indicators overall reported drinking during pregnancy (%)","Alcohol consumption during",NA,NA,"May2013e.r_drinkingduring",FALSE
"129","May2013e.r","Drinks during a week","1","question","numeric","NA",NA,FALSE,NA,NA,NA,NA,"interview","retrospective","during","units","any day","units","NA","NA","per week","FALSE","FALSE","NA","Table 3, p. 826. Average no. drinks per week during pregnancy","Alcohol consumption during","g","NA","May2013e.r_drinksduringaweek",FALSE
"130","May2013e.r","Current tobacco use","1","question","numeric","NA",NA,FALSE,NA,NA,NA,NA,"interview","retrospective","during","units","any day","g",NA,NA,"per week","FALSE","FALSE","NA","each cigarette is 1 g",NA,NA,NA,"May2013e.r_currenttobaccouse",FALSE
"131","May2013e.r","Binge during 3+","1","question","logical",NA,NA,FALSE,NA,NA,NA,NA,"interview","retrospective","during","units","any day","NA","NA","NA","per occasion","TRUE","FALSE","NA","Table 3, p. 826. Consumed 3 drinks or more per occasion during pregnancy (%)","Binge during",NA,NA,"May2013e.r_bingeduring3",FALSE
"132","May2013e.r","Binge during 5+","1","question","logical",NA,NA,FALSE,NA,NA,NA,NA,"interview","retrospective","during","units","any day","NA","NA","NA","per occasion]","TRUE","FALSE","NA","Table 3, p. 826. Consumed 5 drinks or more per occasion during pregnancy (%)","Binge during",NA,NA,"May2013e.r_bingeduring5",FALSE
"133","May2013e.r","Smoking current","1","question","logical","NA",NA,FALSE,NA,NA,NA,NA,"interview","retrospective","current","any","any day","NA",NA,NA,"NA","FALSE","FALSE","NA","NA",NA,NA,NA,"May2013e.r_smokingcurrent",FALSE
"134","May2013e.r","Smoking during","1","question","logical","NA",NA,FALSE,NA,NA,NA,NA,"interview","retrospective","during","any","any day","NA",NA,NA,"NA","FALSE","FALSE","NA","Table 3, p. 826. Tobacco use, smoking during index pregnancy (%)","Smoking during",NA,NA,"May2013e.r_smokingduring",FALSE
"135","May2013e.r","Consumes alcohol: current last year","1","question","logical","NA",NA,FALSE,NA,NA,NA,NA,"interview","retrospective","current","any","any day","NA","NA","NA","NA","FALSE","FALSE","NA","NA",NA,NA,NA,"May2013e.r_consumesalcoholcurrentlastyear",FALSE
"136","May2013e.r","Drinking before","1","question","logical","NA",NA,FALSE,NA,NA,NA,NA,"interview","retrospective","before","any","any day","NA","NA","NA","NA","FALSE","FALSE","NA","Table 3, p. 826. Drinking before index pregnancy (%)","Alcohol consumption before",NA,NA,"May2013e.r_drinkingbefore",FALSE
"137","May2013e.r","Drinking during first trimester","1","question","logical","NA",NA,FALSE,NA,NA,NA,NA,"interview","retrospective","1st","any","any day","NA","NA","NA","NA","FALSE","FALSE","NA","Table 3, p. 826. Drank during trimesters 1st (%)","Alcohol consumption first trimester",NA,NA,"May2013e.r_drinkingduringfirsttrimester",FALSE
"138","May2013e.r","Drinking during second trimester","1","question","logical","NA",NA,FALSE,NA,NA,NA,NA,"interview","retrospective","2nd","any","any day","NA","NA","NA","NA","FALSE","FALSE","NA","Table 3, p. 826. Drank during trimesters 2nd (%)","Alcohol consumption during second trimester",NA,NA,"May2013e.r_drinkingduringsecondtrimester",FALSE
"139","May2013e.r","Drinking during third trimester","1","question","logical","NA",NA,FALSE,NA,NA,NA,NA,"interview","retrospective","3rd","any","any day","NA","NA","NA","NA","FALSE","FALSE","NA","Table 3, p. 826. Drank during trimesters 3rd (%)","Alcohol consumption third trimester",NA,NA,"May2013e.r_drinkingduringthirdtrimester",FALSE
"140","May2014.r","FASD diagnosis","1","aggregate","logical","0 | 1","Control | FASD",TRUE,"IOM05","5","if possible","active",NA,NA,NA,NA,NA,NA,NA,NA,NA,NA,NA,NA,NA,NA,NA,NA,"May2014.r_fasddiagnosis",TRUE
"141","May2014.r","Current alcohol consumption days","1","question","numeric","NA",NA,FALSE,NA,NA,NA,NA,"interview","concurrent","current","units","any day","NA","NA","NA","drinking days","FALSE","FALSE","NA","we don't know what 1 standard drink is",NA,NA,NA,"May2014.r_currentalcoholconsumptiondays",FALSE
"142","May2014.r","Binge current 3+","1","question","logical",NA,NA,FALSE,NA,NA,NA,NA,"interview","concurrent","current","frequency","NA","NA","NA","NA","past month","TRUE","FALSE","NA","NA",NA,NA,NA,"May2014.r_bingecurrent3",FALSE
"143","May2014.r","Binge current 5+","1","question","logical",NA,NA,FALSE,NA,NA,NA,NA,"interview","concurrent","current","frequency","NA","NA","NA","NA","past month","TRUE","FALSE","NA","NA",NA,NA,NA,"May2014.r_bingecurrent5",FALSE
"144","May2014.r","Drinking before","1","question","numeric","NA",NA,FALSE,NA,NA,NA,NA,"interview","retrospective","before","units","any day","units","NA","NA","per day","FALSE","FALSE","NA","Table 4, p. 862. drinks per drinking day 3 months before mother's pregnancy, Mean (SD)","Alcohol consumption before","g","NA","May2014.r_drinkingbefore",FALSE
"145","May2014.r","Alcohol consumption: during first trimester","1","question","numeric","NA",NA,FALSE,NA,NA,NA,NA,"interview","retrospective","1st","units","any day","units","NA","NA","per day","FALSE","FALSE","NA","Table 4, p. 862. First trimester: usual number of drinks per drinking day, Mean (SD)","Alcohol consumption first trimester","g","NA","May2014.r_alcoholconsumptionduringfirsttrimester",FALSE
"146","May2014.r","Alcohol consumption: during second trimester","1","question","numeric","NA",NA,FALSE,NA,NA,NA,NA,"interview","retrospective","2nd","units","any day","units","NA","NA","per day","FALSE","FALSE","NA","Table 4, p. 862. Second trimester: usual number of drinks per drinking day, Mean (SD)","Alcohol consumption second trimester","g","NA","May2014.r_alcoholconsumptionduringsecondtrimester",FALSE
"147","May2014.r","Alcohol consumption: during third trimester","1","question","numeric","NA",NA,FALSE,NA,NA,NA,NA,"interview","retrospective","3rd","units","any day","units","NA","NA","per day","FALSE","FALSE","NA","Table 4, p. 862. Third trimester: usual number of drinks per drinking day, Mean (SD)","Alcohol consumption third trimester","g","NA","May2014.r_alcoholconsumptionduringthirdtrimester",FALSE
"148","May2014a.r","FASD diagnosis","1","aggregate","logical","0 | 1","Control | FASD",TRUE,"IOM05","5","if possible","active",NA,NA,NA,NA,NA,NA,NA,NA,NA,NA,NA,NA,NA,NA,NA,NA,"May2014a.r_fasddiagnosis",TRUE
"149","May2014a.r","Smoking during","1","question","logical","NA",NA,FALSE,NA,NA,NA,NA,"interview","concurrent","during","any","weekday","NA",NA,NA,"NA","FALSE","FALSE","NA","Table 1, p. 34. Smoked during index pregnancy (%) ","Smoking during",NA,NA,"May2014a.r_smokingduring",FALSE
"150","May2014a.r","Smoking and binge 3+ during","1","question","logical","NA",NA,FALSE,NA,NA,NA,NA,"interview","concurrent","during","any","weekday","NA",NA,NA,"NA","FALSE","FALSE","NA","Table 1, p. 34. Smoked and binged (3+)during index pregnancy (%)","Smoking and binge drinking during",NA,NA,"May2014a.r_smokingandbinge3during",FALSE
"151","May2014a.r","Smoking and binge 5+ during","1","question","logical","NA",NA,FALSE,NA,NA,NA,NA,"interview","concurrent","during","any","weekday","NA",NA,NA,"NA","FALSE","FALSE","NA","Table 1, p. 34. Smoked and  binged (5+) during index pregnancy (%) ","Smoking and binge drinking during",NA,NA,"May2014a.r_smokingandbinge5during",FALSE
"152","May2014a.r","Smoking and drinking during","1","question","logical","NA",NA,FALSE,NA,NA,NA,NA,"interview","concurrent","during","any","weekday","NA",NA,NA,"NA","FALSE","FALSE","NA","Table 1, p. 34. Smoked and consumed alcohol during index pregnancy (%) ","Smoking and alcohol consumption during",NA,NA,"May2014a.r_smokinganddrinkingduring",FALSE
"153","May2014a.r","Consumes alcohol: current","1","question","logical","NA",NA,FALSE,NA,NA,NA,NA,"interview","concurrent","current","any","weekday","NA","NA","NA","NA","FALSE","FALSE","NA","preceding week",NA,NA,NA,"May2014a.r_consumesalcoholcurrent",FALSE
"154","May2014a.r","Binge current","1","question","logical","NA",NA,FALSE,NA,NA,NA,NA,"interview","concurrent","current","any","weekday","NA","NA","NA","NA","TRUE","FALSE","NA","Binge 3+ drinks preceding week",NA,NA,NA,"May2014a.r_bingecurrent",FALSE
"155","May2014a.r","Current alcohol consumption a week","1","question","numeric","NA",NA,FALSE,NA,NA,NA,NA,"interview","concurrent","current","units","weekday","units","ml","15.48625","per week","FALSE","FALSE","NA","NA",NA,"g","12.389","May2014a.r_currentalcoholconsumptionaweek",FALSE
"156","May2014a.r","Alcohol consumption: during first trimester","1","question","logical","NA",NA,FALSE,NA,NA,NA,NA,"interview","retrospective","1st","any","any day","NA","NA","NA","NA","FALSE","FALSE","NA","Table 1, p. 34. Drank during index pregnancy, 1st trimester (%) ","Alcohol consumption first trimester",NA,NA,"May2014a.r_alcoholconsumptionduringfirsttrimester",FALSE
"157","May2014a.r","Alcohol consumption: during second trimester","1","question","logical","NA",NA,FALSE,NA,NA,NA,NA,"interview","retrospective","2nd","any","any day","NA","NA","NA","NA","FALSE","FALSE","NA","Table 1, p. 34. Drank during index pregnancy, 2nd trimester (%) ","Alcohol consumption second trimester",NA,NA,"May2014a.r_alcoholconsumptionduringsecondtrimester",FALSE
"158","May2014a.r","Alcohol consumption: during third trimester","1","question","logical","NA",NA,FALSE,NA,NA,NA,NA,"interview","retrospective","3rd","any","any day","NA","NA","NA","NA","FALSE","FALSE","NA","Table 1, p. 34. Drank during index pregnancy, 3rd trimester (%) ","Alcohol consumption third trimester",NA,NA,"May2014a.r_alcoholconsumptionduringthirdtrimester",FALSE
"159","May2014a.r","Binge during 3+","1","question","logical",NA,NA,FALSE,NA,NA,NA,NA,"interview","retrospective","during","frequency","any day","NA","NA","NA","NA","TRUE","FALSE","NA","Table 1, p. 34. binged (3+) one or more days in during index pregnancy (%) ","Binge during",NA,NA,"May2014a.r_bingeduring3",FALSE
"160","May2014a.r","Binge during 5+","1","question","logical",NA,NA,FALSE,NA,NA,NA,NA,"interview","retrospective","during","frequency","any day","NA","NA","NA","NA","TRUE","FALSE","NA","Table 1, p. 34. binged (5+) one or more days in during index pregnancy (%)","Binge during",NA,NA,"May2014a.r_bingeduring5",FALSE
"161","May2014a.r","Drinkers per drinking day","1","question","numeric","NA",NA,FALSE,NA,NA,NA,NA,"interview","retrospective","during","any","any day","NA",NA,NA,"a day","FALSE","FALSE","NA","# drinkers per drinking during pregnancy",NA,NA,NA,"May2014a.r_drinkersperdrinkingday",FALSE
"162","Miller1995.r","FAS diagnosis","1","aggregate","logical","0 | 1","Control | FAS",TRUE,"ICD-9-CM 760.71","1","required","passive",NA,NA,NA,NA,NA,NA,NA,NA,NA,NA,NA,NA,NA,NA,NA,NA,"Miller1995.r_fasdiagnosis",TRUE
"163","Miller1995.r","Alcohol consumption: during a week","1","question","ordinal","1 | 2 | 3 | 4 | 5 | 6 | 7 | 8","0 | 1-3 | 4-6 | 7-12 | 13-20 | 21-98 | > 98 | unknown",FALSE,NA,NA,NA,NA,"unknown","unknown","during","units","any day","NA",NA,NA,"per week","FALSE","FALSE","NA","Table 3, p. 694. Drinks per week '0', '1-3','4-6',	'7-12',	'13-20','21-98','> 98','unknown'","Alcohol consumption during",NA,NA,"Miller1995.r_alcoholconsumptionduringaweek",FALSE
"164","Miller1995.r","Smoking during","1","question","ordinal","1 | 2 | 3 | 4 | 5 | 6 | 7","0 | 1-5 | 6-10 | 11-15 | 16-20 | >20 | unknown",FALSE,NA,NA,NA,NA,"unknown","unknown","during","units","any day","NA",NA,NA,"per day","FALSE","FALSE","NA","Table 3, p. 694. Cigarettes per day. 0','1-5', '6-10','11-15',	'16-20','>20','unknown'","Smoking during",NA,NA,"Miller1995.r_smokingduring",FALSE
"165","Petkovic2013a.r","FAS, pFAS diagnosis","1","aggregate","logical","0 | 1","Control | FAS",TRUE,"IOM05","6","if possible","active",NA,NA,NA,NA,NA,NA,NA,NA,NA,NA,NA,NA,NA,NA,NA,NA,"Petkovic2013a.r_faspfasdiagnosis",TRUE
"166","Petkovic2013a.r","Current alcohol consumption","1","question","nominal","1 | 2 | 3","admitted | negative | unanswered",FALSE,NA,NA,NA,NA,"self-report","concurrent","current","any","any day","NA","NA","NA","NA","FALSE","FALSE","NA","Table 3, p 1553. ",NA,NA,NA,"Petkovic2013a.r_currentalcoholconsumption",FALSE
"167","Petkovic2013a.r","Alcohol consumption: during","1","question","nominal","1 | 2 | 3","admitted | negative | unanswered",FALSE,NA,NA,NA,NA,"self-report","retrospective","during","any","any day","NA","NA","NA","NA","FALSE","FALSE","Alcohol drink was defined as 0.5 dL of spirits, 1.5 dL of wine or 3.3 dL of beer, as derived from ounce metric system, and binge drinking as having five or more alcoholic drinks per occasion","Table 3, p 1553. Pregnancy alcohol consumption %, admitted', 'negative','unanswered' ","Alcohol consumption during",NA,NA,"Petkovic2013a.r_alcoholconsumptionduring",FALSE
"168","Petkovic2013a.r","Smoking during","1","question","nominal","1 | 2 | 3","admitted | negative | unanswered",FALSE,NA,NA,NA,NA,"self-report","retrospective","during","any","any day","NA",NA,NA,"NA","FALSE","FALSE","NA","Table 3, p 1553. Smoking during pregnancy %, admitted', 'negative','unanswered' ","Smoking during",NA,NA,"Petkovic2013a.r_smokingduring",FALSE
"169","Petkovic2013a.r","Alcohol consumption: during first trimester","1","question","logical","NA",NA,FALSE,NA,NA,NA,NA,"self-report","retrospective","1st","any","any day","NA","NA","NA","NA","FALSE","FALSE","NA","Table 3, p 1554. Alcohol consumption period 1st trimester %","Alcohol consumption first trimester",NA,NA,"Petkovic2013a.r_alcoholconsumptionduringfirsttrimester",FALSE
"170","Petkovic2013a.r","Alcohol consumption: during second trimester","1","question","logical","NA",NA,FALSE,NA,NA,NA,NA,"self-report","retrospective","2nd","any","any day","NA","NA","NA","NA","FALSE","FALSE","NA","Table 3, p 1554. Alcohol consumption period 2nd trimester %","Alcohol consumption second trimester",NA,NA,"Petkovic2013a.r_alcoholconsumptionduringsecondtrimester",FALSE
"171","Petkovic2013a.r","Alcohol consumption: during third trimester","1","question","logical","NA",NA,FALSE,NA,NA,NA,NA,"self-report","retrospective","3rd","any","any day","NA","NA","NA","NA","FALSE","FALSE","NA","Table 3, p 1554. Alcohol consumption period 3rd trimester %","Alcohol consumption third trimester",NA,NA,"Petkovic2013a.r_alcoholconsumptionduringthirdtrimester",FALSE
"172","Petkovic2013a.r","Alcohol consumption: during entire pregnancy","1","question","logical","NA",NA,FALSE,NA,NA,NA,NA,"self-report","retrospective","during","any","any day","NA","NA","NA","NA","FALSE","FALSE","NA","Table 3, p 1554. Alcohol consumption period entire pregnancy %","Alcohol consumption during",NA,NA,"Petkovic2013a.r_alcoholconsumptionduringentirepregnancy",FALSE
"173","Suttie2013a.r","FAS diagnosis","1","aggregate","logical","0 | 1","Control | FAS",TRUE,"IOM05, 4Digit","1","if possible","active",NA,NA,NA,NA,NA,NA,NA,NA,NA,NA,NA,NA,NA,NA,NA,NA,"Suttie2013a.r_fasdiagnosis",TRUE
"174","Suttie2013a.r","pFAS diagnosis","1","aggregate","logical","0 | 1","Control | pFAS",TRUE,"IOM05, 4Digit","2","if possible","active",NA,NA,NA,NA,NA,NA,NA,NA,NA,NA,NA,NA,NA,NA,NA,NA,"Suttie2013a.r_pfasdiagnosis",TRUE
"175","Suttie2013a.r","Alcohol consumption: during a day","1","question","numeric","NA",NA,FALSE,NA,NA,NA,NA,"interview","retrospective","during","units","NA","oz","oz","0.5","per day","FALSE","FALSE","1 oz AA = 2 standard drinks.","Table 3, p. e782. Alcohol use during pregnancy oz AA/day","Alcohol consumption during","g","14.2","Suttie2013a.r_alcoholconsumptionduringaday",FALSE
"176","Suttie2013a.r","Alcohol consumption: during an occasion","1","question","numeric","NA",NA,FALSE,NA,NA,NA,NA,"interview","retrospective","during","units","per occasion","oz","oz","0.5","per occasion","FALSE","FALSE","1 oz AA = 2 standard drinks.","Table 3, p. e782. Alcohol use during pregnancy oz AA/occasion","Alcohol consumption during","g","14.2","Suttie2013a.r_alcoholconsumptionduringanoccasion",FALSE
"177","Suttie2013a.r","Frequency Alcohol consumption: during","1","question","numeric","NA",NA,FALSE,NA,NA,NA,NA,"interview","retrospective","during","frequency","any day","NA",NA,NA,"a week","FALSE","FALSE","NA","Table 3, p. e782. Alcohol use during pregnancy frequency (days / week)","Alcohol consumption during",NA,NA,"Suttie2013a.r_frequencyalcoholconsumptionduring",FALSE
"178","Suttie2013a.r","Smoking during","1","question","numeric","NA",NA,FALSE,NA,NA,NA,NA,"interview","retrospective","during","frequency","any day","NA",NA,NA,"NA","FALSE","FALSE","NA","Table 3, p. e782. Cigarettes/day during pregnancy","Smoking during",NA,NA,"Suttie2013a.r_smokingduring",FALSE
"179","Urban2008.r","FAS, pFAS diagnosis","1","aggregate","logical","0 | 1","Control | FAS, pFAS",TRUE,"IOM96","6","if possible","active",NA,NA,NA,NA,NA,NA,NA,NA,NA,NA,NA,NA,NA,NA,NA,NA,"Urban2008.r_faspfasdiagnosis",TRUE
"180","Urban2008.r","Current alcohol consumption","1","question","logical","NA",NA,FALSE,NA,NA,NA,NA,"interview","concurrent","current","NA","any day","NA","NA","NA","NA","FALSE","FALSE","NA","NA",NA,NA,NA,"Urban2008.r_currentalcoholconsumption",FALSE
"181","Urban2008.r","Smoking current","1","question","logical","NA",NA,FALSE,NA,NA,NA,NA,"interview","concurrent","current","NA","any day","NA",NA,NA,"NA","FALSE","FALSE","NA","NA",NA,NA,NA,"Urban2008.r_smokingcurrent",FALSE
"182","Urban2008.r","Smoking during","1","question","logical","NA",NA,FALSE,NA,NA,NA,NA,"interview","retrospective","current","current","any day","NA",NA,NA,"NA","FALSE","FALSE","NA","Table 3, p. 881. Tobacco used in index pregnancy, %","Smoking during",NA,NA,"Urban2008.r_smokingduring",FALSE
"183","Urban2008.r","Alcohol consumption: during","1","question","logical","NA",NA,FALSE,NA,NA,NA,NA,"interview","retrospective","during","NA","any day","NA","NA","NA","NA","FALSE","FALSE","NA","Table 3, p. 881. Alcohol use during index pregnancy %","Alcohol consumption during",NA,NA,"Urban2008.r_alcoholconsumptionduring",FALSE
"184","Viljoen2002.r","FAS diagnosis","1","aggregate","logical","0 | 1","Control | FAS",TRUE,"IOM96","1","if possible","active",NA,NA,NA,NA,NA,NA,NA,NA,NA,NA,NA,NA,NA,NA,NA,NA,"Viljoen2002.r_fasdiagnosis",TRUE
"185","Viljoen2002.r","Consumes alcohol: current","1","question","logical","NA",NA,FALSE,NA,NA,NA,NA,"interview","concurrent","current","any","any day","NA","NA","NA","NA","FALSE","FALSE","SD were measured in ethanol units, one unit 340ml can of beer (10.2 oz of 5% ethanol), 120 ml wine (4 oz of 11.5% ethanol) or 44 ml distilled spirits (1.5 oz of 86 proof).","NA",NA,NA,NA,"Viljoen2002.r_consumesalcoholcurrent",FALSE
"186","Viljoen2002.r","Current alcohol consumption","1","question","numeric","NA",NA,FALSE,NA,NA,NA,NA,"interview","concurrent","current","any","any day","units","ml","15.48625","per week","FALSE","FALSE","SD were measured in ethanol units, one unit 340ml can of beer (10.2 oz of 5% ethanol), 120 ml wine (4 oz of 11.5% ethanol) or 44 ml distilled spirits (1.5 oz of 86 proof).","NA",NA,"g","12.389","Viljoen2002.r_currentalcoholconsumption",FALSE
"187","Viljoen2002.r","Smoking current","1","question","logical","NA",NA,FALSE,NA,NA,NA,NA,"interview","concurrent","current","any","NA","NA",NA,NA,"NA","FALSE","FALSE","NA","NA",NA,NA,NA,"Viljoen2002.r_smokingcurrent",FALSE
"188","Viljoen2002.r","Smoking during","1","question","logical","NA",NA,FALSE,NA,NA,NA,NA,"interview","concurrent","during","any","NA","NA",NA,NA,"NA","FALSE","FALSE","NA","Table 4, p. 12. Smoked during index pregnancy (%)","Smoking during",NA,NA,"Viljoen2002.r_smokingduring",FALSE
"189","Viljoen2002.r","Current alcohol consumption weekends","1","question","nominal","1 | 2 | 3 | 4","friday | saturday | sunday | total",FALSE,NA,NA,NA,NA,"interview","concurrent","current","units","weekendday","units","ml","NA","NA","FALSE","FALSE","SD were measured in ethanol units, one unit 340ml can of beer (10.2 oz of 5% ethanol), 120 ml wine (4 oz of 11.5% ethanol) or 44 ml distilled spirits (1.5 oz of 86 proof).","NA",NA,NA,NA,"Viljoen2002.r_currentalcoholconsumptionweekends",FALSE
"190","Viljoen2002.r","Current tobacco use","1","question","numeric","NA",NA,FALSE,NA,NA,NA,NA,"interview","concurrent","current","any","weekday","g",NA,NA,"per week","FALSE","FALSE","NA","NA",NA,NA,NA,"Viljoen2002.r_currenttobaccouse",FALSE
"191","Viljoen2002.r","Smoking during first trimester","1","question","numeric","NA",NA,FALSE,NA,NA,NA,NA,"interview","concurrent","1st","any","weekday","g",NA,NA,"per week","FALSE","FALSE","NA","Table 4, p. 12. Grams of tobacco used per week 1st trimester (mean)","Smoking first trimester",NA,NA,"Viljoen2002.r_smokingduringfirsttrimester",FALSE
"192","Viljoen2002.r","Smoking during second trimester","1","question","numeric","NA",NA,FALSE,NA,NA,NA,NA,"interview","concurrent","2nd","any","weekday","g",NA,NA,"per week","FALSE","FALSE","NA","Table 4, p. 12. Grams of tobacco used per week 2nd trimester (mean)","Smoking second trimester",NA,NA,"Viljoen2002.r_smokingduringsecondtrimester",FALSE
"193","Viljoen2002.r","Smoking during third trimester","1","question","numeric","NA",NA,FALSE,NA,NA,NA,NA,"interview","concurrent","3rd","any","weekday","g",NA,NA,"per week","FALSE","FALSE","NA","Table 4, p. 12. Grams of tobacco used per week 3rd trimester (mean)","Smoking third trimester",NA,NA,"Viljoen2002.r_smokingduringthirdtrimester",FALSE
"194","Viljoen2002.r","Percentage on weekends","1","question","logical","NA",NA,FALSE,NA,NA,NA,NA,"interview","concurrent","current","any","weekendday","NA",NA,NA,"NA","FALSE","FALSE","NA","NA",NA,NA,NA,"Viljoen2002.r_percentageonweekends",FALSE
"195","Viljoen2002.r","Drinking before","1","question","ordinal","1 | 2 | 3","drank about the same | drank less | drank more",FALSE,NA,NA,NA,NA,"interview","retrospective","before","any","any day","NA","NA","NA","NA","FALSE","FALSE","NA","Table 4, p. 12. Drinking in months before pregnancy with index child (%), drank about the same (than current)', 'drank less', 'drank more'","Alcohol consumption before",NA,NA,"Viljoen2002.r_drinkingbefore",FALSE
"196","Viljoen2002.r","Alcohol consumption: during first trimester","1","question","ordinal","1 | 2 | 3","drank about the same | drank less | drank more",FALSE,NA,NA,NA,NA,"interview","retrospective","1st","any","any day","NA","NA","NA","NA","FALSE","FALSE","NA","Table 4, p. 12. Drinking during 1st trimester of pregnancy with index child (%), drank about the same (than current)', 'drank less', 'drank more'","Alcohol consumption first trimester",NA,NA,"Viljoen2002.r_alcoholconsumptionduringfirsttrimester",FALSE
"197","Viljoen2002.r","Alcohol consumption: during second trimester","1","question","ordinal","1 | 2 | 3","drank about the same | drank less | drank more",FALSE,NA,NA,NA,NA,"interview","retrospective","2nd","any","any day","NA","NA","NA","NA","FALSE","FALSE","NA","Table 4, p. 12. Drinking during 2nd trimester of pregnancy with index child (%), drank about the same (than current)', 'drank less', 'drank more'","Alcohol consumption second trimester",NA,NA,"Viljoen2002.r_alcoholconsumptionduringsecondtrimester",FALSE
"198","Viljoen2002.r","Alcohol consumption: during third trimester","1","question","ordinal","1 | 2 | 3","drank about the same | drank less | drank more",FALSE,NA,NA,NA,NA,"interview","retrospective","3rd","any","any day","NA","NA","NA","NA","FALSE","FALSE","NA","Table 4, p. 12. Drinking during 3rd trimester of pregnancy with index child (%), drank about the same (than current)', 'drank less', 'drank more'","Alcohol consumption third trimester",NA,NA,"Viljoen2002.r_alcoholconsumptionduringthirdtrimester",FALSE
"199","Viljoen2005.r","FAS diagnosis","1","aggregate","logical","0 | 1","Control | FAS",TRUE,"IOM05","1","if possible","active",NA,NA,NA,NA,NA,NA,NA,NA,NA,NA,NA,NA,NA,NA,NA,NA,"Viljoen2005.r_fasdiagnosis",TRUE
"200","Viljoen2005.r","Consumes alcohol: current","1","question","logical","NA",NA,FALSE,NA,NA,NA,NA,"interview","concurrent","current","any","any day","NA","NA","NA","last year","FALSE","FALSE","NA","NA",NA,NA,NA,"Viljoen2005.r_consumesalcoholcurrent",FALSE
"201","Viljoen2005.r","Smoking current","1","question","logical","NA",NA,FALSE,NA,NA,NA,NA,"interview","concurrent","current","any","any day","NA",NA,NA,"last year","FALSE","FALSE","NA","NA",NA,NA,NA,"Viljoen2005.r_smokingcurrent",FALSE
"202","Viljoen2005.r","Smoking during","1","question","logical","NA",NA,FALSE,NA,NA,NA,NA,"interview","concurrent","during","any","any day","NA",NA,NA,"last year","FALSE","FALSE","NA","Table 3, p. 599. Used tobacco during index pregnancy (%)","Smoking during",NA,NA,"Viljoen2005.r_smokingduring",FALSE
"203","Viljoen2005.r","Smoking during same or more","1","question","logical","NA",NA,FALSE,NA,NA,NA,NA,"interview","concurrent","during","any","any day","NA",NA,NA,"last year","FALSE","FALSE","NA","Table 3, p. 599. Tobacco use during index pregnancy, used same or more, than current use %","Smoking during",NA,NA,"Viljoen2005.r_smokingduringsameormore",FALSE
"204","Viljoen2005.r","Current tobacco use","1","question","numeric","NA",NA,FALSE,NA,NA,NA,NA,"interview","concurrent","current","any","any day","g",NA,NA,"per week","FALSE","FALSE","NA","g per wk",NA,NA,NA,"Viljoen2005.r_currenttobaccouse",FALSE
"205","Viljoen2005.r","Current drinking","1","question","numeric","NA",NA,FALSE,NA,NA,NA,NA,"interview","concurrent","current","units","any day","units","NA","NA","a week","FALSE","FALSE","NA","NA",NA,"g","NA","Viljoen2005.r_currentdrinking",FALSE
"206","Viljoen2005.r","Current drinking weekends","1","question","numeric","NA",NA,FALSE,NA,NA,NA,NA,"interview","concurrent","current","units","weekendday","units","NA","NA","a weekend","FALSE","FALSE","NA","NA",NA,"g","NA","Viljoen2005.r_currentdrinkingweekends",FALSE
"207","Viljoen2005.r","Percentage on weekends","1","question","numeric","NA",NA,FALSE,NA,NA,NA,NA,"interview","concurrent","current","units","weekendday","NA",NA,NA,"a weekend","FALSE","FALSE","NA","NA",NA,NA,NA,"Viljoen2005.r_percentageonweekends",FALSE
"208","Viljoen2005.r","Drinking before","1","question","logical","NA",NA,FALSE,NA,NA,NA,NA,"interview","retrospective","before","units","any day","NA","NA","NA","NA","FALSE","FALSE","NA","Table 3, p. 599. Drank before pregnancy with index child %","Alcohol consumption before",NA,NA,"Viljoen2005.r_drinkingbefore",FALSE
"209","Viljoen2005.r","Alcohol consumption: during","1","question","logical","NA",NA,FALSE,NA,NA,NA,NA,"interview","retrospective","during","any","any day","NA","NA","NA","NA","FALSE","FALSE","NA","Table 3, p. 599. Drank during index pregnancy %","Alcohol consumption during",NA,NA,"Viljoen2005.r_alcoholconsumptionduring",FALSE
"210","Viljoen2005.r","Alcohol consumption: during first trimester","1","question","logical","NA",NA,FALSE,NA,NA,NA,NA,"interview","retrospective","1st","any","any day","NA","NA","NA","NA","FALSE","FALSE","NA","Table 3, p. 599. Drank during index pregnancy 1st trimester %","Alcohol consumption first trimester",NA,NA,"Viljoen2005.r_alcoholconsumptionduringfirsttrimester",FALSE
"211","Viljoen2005.r","Alcohol consumption: during second trimester","1","question","logical","NA",NA,FALSE,NA,NA,NA,NA,"interview","retrospective","2nd","any","any day","NA","NA","NA","NA","FALSE","FALSE","NA","Table 3, p. 599. Drank during index pregnancy 2nd trimester %","Alcohol consumption second trimester",NA,NA,"Viljoen2005.r_alcoholconsumptionduringsecondtrimester",FALSE
"212","Viljoen2005.r","Alcohol consumption: during third trimester","1","question","logical","NA",NA,FALSE,NA,NA,NA,NA,"interview","retrospective","3rd","any","any day","NA","NA","NA","NA","FALSE","FALSE","NA","Table 3, p. 599. Drank during index pregnancy 3rd trimester %","Alcohol consumption third trimester",NA,NA,"Viljoen2005.r_alcoholconsumptionduringthirdtrimester",FALSE
